participant_id	group
sub-1	Control
sub-10	Control
sub-100	Control
sub-101	Control
sub-102	Control
sub-103	Control
sub-104	Control
sub-105	Control
sub-106	Control
sub-107	Control
sub-108	Control
sub-109	Control
sub-11	Control
sub-110	Control
sub-111	PD
sub-112	PD
sub-113	PD
sub-114	PD
sub-115	PD
sub-116	PD
sub-117	PD
sub-118	PD
sub-119	PD
sub-12	Control
sub-120	PD
sub-121	PD
sub-122	PD
sub-123	PD
sub-124	PD
sub-125	PD
sub-126	PD
sub-127	PD
sub-128	PD
sub-129	PD
sub-13	Control
sub-130	PD
sub-131	PD
sub-132	PD
sub-133	PD
sub-134	PD
sub-135	PD
sub-136	PD
sub-137	PD
sub-138	PD
sub-139	PD
sub-14	Control
sub-140	PD
sub-141	PD
sub-142	PD
sub-143	PD
sub-144	PD
sub-145	PD
sub-146	PD
sub-147	PD
sub-148	PD
sub-149	PD
sub-15	Control
sub-150	PD
sub-151	PD
sub-152	PD
sub-153	PD
sub-154	PD
sub-155	PD
sub-156	PD
sub-157	PD
sub-158	PD
sub-159	PD
sub-16	Control
sub-160	PD
sub-161	PD
sub-162	PD
sub-163	PD
sub-164	PD
sub-165	PD
sub-166	PD
sub-167	PD
sub-168	PD
sub-169	PD
sub-17	Control
sub-170	PD
sub-171	PD
sub-172	PD
sub-173	PD
sub-174	PD
sub-175	PD
sub-176	PD
sub-177	PD
sub-178	PD
sub-179	PD
sub-18	Control
sub-180	PD
sub-181	PD
sub-182	PD
sub-183	PD
sub-184	PD
sub-185	PD
sub-186	PD
sub-187	PD
sub-188	PD
sub-189	PD
sub-19	Control
sub-190	PD
sub-191	PD
sub-192	PD
sub-193	PD
sub-194	PD
sub-195	PD
sub-196	PD
sub-197	PD
sub-198	PD
sub-199	PD
sub-2	Control
sub-20	Control
sub-200	PD
sub-201	PD
sub-202	PD
sub-203	PD
sub-204	PD
sub-205	PD
sub-206	PD
sub-207	PD
sub-208	PD
sub-209	PD
sub-21	Control
sub-210	PD
sub-211	PD
sub-212	PD
sub-213	PD
sub-214	PD
sub-215	PD
sub-216	PD
sub-217	PD
sub-218	PD
sub-219	PD
sub-22	Control
sub-220	PD
sub-221	PD
sub-222	PD
sub-223	PD
sub-224	PD
sub-225	PD
sub-226	PD
sub-227	PD
sub-228	PD
sub-229	PD
sub-23	Control
sub-230	PD
sub-231	PD
sub-232	PD
sub-233	PD
sub-234	PD
sub-235	PD
sub-236	PD
sub-237	PD
sub-238	PD
sub-239	PD
sub-24	Control
sub-240	PD
sub-241	PD
sub-242	PD
sub-243	PD
sub-244	PD
sub-245	PD
sub-246	PD
sub-247	PD
sub-248	PD
sub-249	PD
sub-25	Control
sub-250	PD
sub-251	PD
sub-252	PD
sub-253	PD
sub-254	PD
sub-255	PD
sub-256	PD
sub-257	PD
sub-258	PD
sub-259	PD
sub-26	Control
sub-260	PD
sub-261	PD
sub-262	PD
sub-263	PD
sub-264	PD
sub-265	PD
sub-266	PD
sub-267	PD
sub-268	PD
sub-269	PD
sub-27	Control
sub-270	PD
sub-271	PD
sub-272	PD
sub-273	PD
sub-274	PD
sub-275	PD
sub-276	PD
sub-277	PD
sub-278	PD
sub-279	PD
sub-28	Control
sub-280	PD
sub-281	PD
sub-282	PD
sub-283	PD
sub-284	PD
sub-285	PD
sub-286	PD
sub-287	PD
sub-288	PD
sub-289	PD
sub-29	Control
sub-290	PD
sub-291	PD
sub-292	PD
sub-293	PD
sub-294	PD
sub-295	PD
sub-296	PD
sub-297	PD
sub-298	PD
sub-299	PD
sub-3	Control
sub-30	Control
sub-300	PD
sub-301	PD
sub-302	PD
sub-303	PD
sub-304	PD
sub-305	PD
sub-306	PD
sub-307	PD
sub-308	PD
sub-309	PD
sub-31	Control
sub-310	PD
sub-311	PD
sub-312	PD
sub-32	Control
sub-33	Control
sub-34	Control
sub-35	Control
sub-36	Control
sub-37	Control
sub-38	Control
sub-39	Control
sub-4	Control
sub-40	Control
sub-41	Control
sub-42	Control
sub-43	Control
sub-44	Control
sub-45	Control
sub-46	Control
sub-47	Control
sub-48	Control
sub-49	Control
sub-5	Control
sub-50	Control
sub-51	Control
sub-52	Control
sub-53	Control
sub-54	Control
sub-55	Control
sub-56	Control
sub-57	Control
sub-58	Control
sub-59	Control
sub-6	Control
sub-60	Control
sub-61	Control
sub-62	Control
sub-63	Control
sub-64	Control
sub-65	Control
sub-66	Control
sub-67	Control
sub-68	Control
sub-69	Control
sub-7	Control
sub-70	Control
sub-71	Control
sub-72	Control
sub-73	Control
sub-74	Control
sub-75	Control
sub-76	Control
sub-77	Control
sub-78	Control
sub-79	Control
sub-8	Control
sub-80	Control
sub-81	Control
sub-82	Control
sub-83	Control
sub-84	Control
sub-85	Control
sub-86	Control
sub-87	Control
sub-88	Control
sub-89	Control
sub-9	Control
sub-90	Control
sub-91	Control
sub-92	Control
sub-93	Control
sub-94	Control
sub-95	Control
sub-96	Control
sub-97	Control
sub-98	Control
sub-99	Control
